IGD,GD,HV,pareto_front_size,experiment,iteration,source_folder,time
14.578842705906606,9.62710871314135,3970.6755326276334,9,agricultural|NONE2|0|-|-|-|-|-|FRONT|20|400|NSGAII,1,construction2,2.749
14.474695542663298,9.01202396915551,4015.203348446597,13,agricultural|NONE2|0|-|-|-|-|-|FRONT|20|400|NSGAII,2,construction2,3.777
12.282307034207172,7.929987336622565,4341.277588092637,15,agricultural|NONE2|0|-|-|-|-|-|FRONT|20|400|NSGAII,3,construction2,5.142
12.27068977096176,7.925989114162884,4339.063910505226,15,agricultural|NONE2|0|-|-|-|-|-|FRONT|20|400|NSGAII,4,construction2,6.194
11.042498855125288,6.19666420648942,4478.479629866642,15,agricultural|NONE2|0|-|-|-|-|-|FRONT|20|400|NSGAII,5,construction2,7.5
11.350823169774012,6.638026123229671,4474.22753015299,14,agricultural|NONE2|0|-|-|-|-|-|FRONT|20|400|NSGAII,6,construction2,8.893
11.350618718739671,6.57193705960396,4474.0695129339,14,agricultural|NONE2|0|-|-|-|-|-|FRONT|20|400|NSGAII,7,construction2,10.286
7.484466664133789,4.800263877552259,4565.357203655896,14,agricultural|NONE2|0|-|-|-|-|-|FRONT|20|400|NSGAII,8,construction2,11.638
7.180313214089622,3.290970112883691,4702.113924176108,14,agricultural|NONE2|0|-|-|-|-|-|FRONT|20|400|NSGAII,9,construction2,12.919
5.4816880855537535,1.5517328396721342,5257.397924214417,13,agricultural|NONE2|0|-|-|-|-|-|FRONT|20|400|NSGAII,10,construction2,14.066
3.926179173880513,1.4408947796955531,5250.756891452179,14,agricultural|NONE2|0|-|-|-|-|-|FRONT|20|400|NSGAII,11,construction2,15.53
3.972992923026615,2.4449253369523207,5223.914075489571,14,agricultural|NONE2|0|-|-|-|-|-|FRONT|20|400|NSGAII,12,construction2,16.684
1.8073893222017547,0.28739902316465,5578.601440815805,13,agricultural|NONE2|0|-|-|-|-|-|FRONT|20|400|NSGAII,13,construction2,17.971
1.6014640453273157,0.2489444311229304,5628.772386716452,15,agricultural|NONE2|0|-|-|-|-|-|FRONT|20|400|NSGAII,14,construction2,19.169
1.5447192303991966,0.3301708891080406,5606.01838600777,15,agricultural|NONE2|0|-|-|-|-|-|FRONT|20|400|NSGAII,15,construction2,20.591
2.2212730198859387,0.1573619019602372,5512.182974672191,16,agricultural|NONE2|0|-|-|-|-|-|FRONT|20|400|NSGAII,16,construction2,21.719
1.7776122087074802,0.1525568639801484,5604.41044285327,16,agricultural|NONE2|0|-|-|-|-|-|FRONT|20|400|NSGAII,17,construction2,22.859
1.9258372938674988,0.162727321578825,5573.28583909342,15,agricultural|NONE2|0|-|-|-|-|-|FRONT|20|400|NSGAII,18,construction2,24.145
1.651053353515486,0.3247948058407829,5552.065563090005,15,agricultural|NONE2|0|-|-|-|-|-|FRONT|20|400|NSGAII,19,construction2,25.296
1.4751820613671631,0.324794805840783,5547.07269780687,15,agricultural|NONE2|0|-|-|-|-|-|FRONT|20|400|NSGAII,20,construction2,26.274
5.148987214744765,0.6452879963338031,5116.3072657375205,10,agricultural|Random|25|-|-|-|-|-|FRONT|20|400|NSGAII,1,construction2,2.751
2.4051763171378644,0.4159158415274682,5477.159217968429,13,agricultural|Random|25|-|-|-|-|-|FRONT|20|400|NSGAII,2,construction2,3.917
2.0964876690982988,0.3132131500636049,5580.031779475436,15,agricultural|Random|25|-|-|-|-|-|FRONT|20|400|NSGAII,3,construction2,5.091
1.708301190947108,0.1650846129671127,5618.206345406922,16,agricultural|Random|25|-|-|-|-|-|FRONT|20|400|NSGAII,4,construction2,6.32
2.261478085855133,0.0902623589695591,5628.563177018029,15,agricultural|Random|25|-|-|-|-|-|FRONT|20|400|NSGAII,5,construction2,7.65
2.3867384848121165,0.0958717002233035,5561.442250749821,14,agricultural|Random|25|-|-|-|-|-|FRONT|20|400|NSGAII,6,construction2,8.733
2.026253929461762,0.1827557027576006,5553.632369406388,14,agricultural|Random|25|-|-|-|-|-|FRONT|20|400|NSGAII,7,construction2,9.778
1.8579440438322488,0.1827557027576301,5567.445468555011,14,agricultural|Random|25|-|-|-|-|-|FRONT|20|400|NSGAII,8,construction2,10.815
1.833284209810975,0.1827557027576301,5549.46550322303,14,agricultural|Random|25|-|-|-|-|-|FRONT|20|400|NSGAII,9,construction2,12.018
1.8928175655186863,0.1823545371632311,5561.670657457414,14,agricultural|Random|25|-|-|-|-|-|FRONT|20|400|NSGAII,10,construction2,13.116
0.7130061437304466,0.2336158277137545,5588.677236719807,16,agricultural|Random|25|-|-|-|-|-|FRONT|20|400|NSGAII,11,construction2,14.177
0.7330572357023813,0.0898698625670293,5585.395266963346,15,agricultural|Random|25|-|-|-|-|-|FRONT|20|400|NSGAII,12,construction2,15.13
1.0627760398393873,0.0897384220010814,5583.012079995459,15,agricultural|Random|25|-|-|-|-|-|FRONT|20|400|NSGAII,13,construction2,16.336
1.335965388820899,0.1724124437365251,5592.800049617845,15,agricultural|Random|25|-|-|-|-|-|FRONT|20|400|NSGAII,14,construction2,17.581
1.260360896391982,0.250029057161054,5585.572916624806,15,agricultural|Random|25|-|-|-|-|-|FRONT|20|400|NSGAII,15,construction2,19.009
1.260360896391982,0.250029057161054,5585.572916624806,15,agricultural|Random|25|-|-|-|-|-|FRONT|20|400|NSGAII,16,construction2,20.348
1.1151518713869997,0.3086333925796554,5580.051890757863,16,agricultural|Random|25|-|-|-|-|-|FRONT|20|400|NSGAII,17,construction2,21.634
1.6064749562210567,0.3280357939432373,5523.451080560484,15,agricultural|Random|25|-|-|-|-|-|FRONT|20|400|NSGAII,18,construction2,22.694
1.2088190147034548,0.0909115801428103,5601.441197301694,15,agricultural|Random|25|-|-|-|-|-|FRONT|20|400|NSGAII,19,construction2,24.06
1.2088190147034548,0.0909115801428103,5601.441197301694,15,agricultural|Random|25|-|-|-|-|-|FRONT|20|400|NSGAII,20,construction2,25.207
5.639434841494508,1.7931052549007116,4771.30863047286,8,agricultural|KMeans|25|1000|Euclidean|-|-|-|FRONT|20|400|NSGAII,1,construction2,2.829
5.639434841494508,3.158082193312873,4844.912093444159,9,agricultural|KMeans|25|1000|Euclidean|-|-|-|FRONT|20|400|NSGAII,2,construction2,4.112
3.6348957308306864,1.55993759556726,5088.310325566667,12,agricultural|KMeans|25|1000|Euclidean|-|-|-|FRONT|20|400|NSGAII,3,construction2,5.315
1.1534333092914266,0.4690788180603763,5444.547171133087,14,agricultural|KMeans|25|1000|Euclidean|-|-|-|FRONT|20|400|NSGAII,4,construction2,6.433
1.0605574805935178,0.3891283243284862,5464.207386228041,15,agricultural|KMeans|25|1000|Euclidean|-|-|-|FRONT|20|400|NSGAII,5,construction2,7.429
1.0664197000933422,0.4412148636770634,5470.897260676176,16,agricultural|KMeans|25|1000|Euclidean|-|-|-|FRONT|20|400|NSGAII,6,construction2,8.401
1.3436721182461655,0.2347272728662156,5520.224134003828,16,agricultural|KMeans|25|1000|Euclidean|-|-|-|FRONT|20|400|NSGAII,7,construction2,9.676
0.9453054169361516,0.1493682547281935,5527.856844525855,17,agricultural|KMeans|25|1000|Euclidean|-|-|-|FRONT|20|400|NSGAII,8,construction2,10.958
0.6990236955485641,0.0811968752717272,5536.828391849617,16,agricultural|KMeans|25|1000|Euclidean|-|-|-|FRONT|20|400|NSGAII,9,construction2,11.953
0.9520308454374355,0.0866100002898423,5520.798263233179,15,agricultural|KMeans|25|1000|Euclidean|-|-|-|FRONT|20|400|NSGAII,10,construction2,12.885
1.129233238910009,0.0811968752717272,5551.189762864474,16,agricultural|KMeans|25|1000|Euclidean|-|-|-|FRONT|20|400|NSGAII,11,construction2,14.042
1.2846782675715829,0.0866100002898423,5568.345165616846,15,agricultural|KMeans|25|1000|Euclidean|-|-|-|FRONT|20|400|NSGAII,12,construction2,15.068
0.9374057701276688,0.0811968752717272,5571.243584486975,16,agricultural|KMeans|25|1000|Euclidean|-|-|-|FRONT|20|400|NSGAII,13,construction2,16.266
0.5781233944260011,0.0703894885030577,5639.040632916861,17,agricultural|KMeans|25|1000|Euclidean|-|-|-|FRONT|20|400|NSGAII,14,construction2,17.173
0.7100048951880924,0.0703894885030577,5644.901635224868,17,agricultural|KMeans|25|1000|Euclidean|-|-|-|FRONT|20|400|NSGAII,15,construction2,18.456
0.5348768014774988,0.1194045351162493,5637.36181967406,17,agricultural|KMeans|25|1000|Euclidean|-|-|-|FRONT|20|400|NSGAII,16,construction2,19.41
0.5348768014774988,0.1194045351162493,5637.36181967406,17,agricultural|KMeans|25|1000|Euclidean|-|-|-|FRONT|20|400|NSGAII,17,construction2,20.339
1.0183098145044822,0.0,5614.536950636817,16,agricultural|KMeans|25|1000|Euclidean|-|-|-|FRONT|20|400|NSGAII,18,construction2,21.407
0.8603350669923298,0.0,5618.216838241083,18,agricultural|KMeans|25|1000|Euclidean|-|-|-|FRONT|20|400|NSGAII,19,construction2,22.704
0.811646114023056,0.0,5612.896488005491,17,agricultural|KMeans|25|1000|Euclidean|-|-|-|FRONT|20|400|NSGAII,20,construction2,23.893
7.612132760863708,0.0039105271391193,4922.858592919819,6,agricultural|FuzzyKMeans|25|1000|Euclidean|1.05|-|-|FRONT|20|400|NSGAII,1,construction2,2.751
4.307498082739432,0.0026070180927462,5401.196347543026,9,agricultural|FuzzyKMeans|25|1000|Euclidean|1.05|-|-|FRONT|20|400|NSGAII,2,construction2,3.723
3.667586323122352,0.094490672662654,5443.077097498493,13,agricultural|FuzzyKMeans|25|1000|Euclidean|1.05|-|-|FRONT|20|400|NSGAII,3,construction2,4.974
3.667586323122352,0.094490672662654,5443.077097498493,13,agricultural|FuzzyKMeans|25|1000|Euclidean|1.05|-|-|FRONT|20|400|NSGAII,4,construction2,6.193
3.363829897346064,0.0004512146699063,5502.552384563108,13,agricultural|FuzzyKMeans|25|1000|Euclidean|1.05|-|-|FRONT|20|400|NSGAII,5,construction2,7.161
3.327704344219649,0.0818489859294694,5556.907434889199,14,agricultural|FuzzyKMeans|25|1000|Euclidean|1.05|-|-|FRONT|20|400|NSGAII,6,construction2,8.087
3.2080183330266774,0.162727321578825,5596.199613515696,15,agricultural|FuzzyKMeans|25|1000|Euclidean|1.05|-|-|FRONT|20|400|NSGAII,7,construction2,9.186
3.376410958602923,0.0937228361366657,5584.812318100111,13,agricultural|FuzzyKMeans|25|1000|Euclidean|1.05|-|-|FRONT|20|400|NSGAII,8,construction2,10.339
3.4306543390447675,0.088285302993042,5594.80618894737,14,agricultural|FuzzyKMeans|25|1000|Euclidean|1.05|-|-|FRONT|20|400|NSGAII,9,construction2,11.33
3.318880140602388,0.0927964288819739,5600.117482868972,14,agricultural|FuzzyKMeans|25|1000|Euclidean|1.05|-|-|FRONT|20|400|NSGAII,10,construction2,12.656
3.358260040597707,0.0012569551518524,5616.628845743547,14,agricultural|FuzzyKMeans|25|1000|Euclidean|1.05|-|-|FRONT|20|400|NSGAII,11,construction2,13.749
3.358260040597707,0.0012569551518524,5616.628845743547,14,agricultural|FuzzyKMeans|25|1000|Euclidean|1.05|-|-|FRONT|20|400|NSGAII,12,construction2,14.798
3.352732482794985,0.0,5610.146309040455,14,agricultural|FuzzyKMeans|25|1000|Euclidean|1.05|-|-|FRONT|20|400|NSGAII,13,construction2,15.91
3.61862693679685,0.0,5581.03043932326,13,agricultural|FuzzyKMeans|25|1000|Euclidean|1.05|-|-|FRONT|20|400|NSGAII,14,construction2,17.065
3.411161477727888,0.0,5551.184817357905,13,agricultural|FuzzyKMeans|25|1000|Euclidean|1.05|-|-|FRONT|20|400|NSGAII,15,construction2,18.064
3.233060283768184,0.0,5563.114159718972,14,agricultural|FuzzyKMeans|25|1000|Euclidean|1.05|-|-|FRONT|20|400|NSGAII,16,construction2,19.058
3.4374029949561726,0.0,5527.277290949877,13,agricultural|FuzzyKMeans|25|1000|Euclidean|1.05|-|-|FRONT|20|400|NSGAII,17,construction2,20.291
3.4374029949561726,0.0,5527.277290949877,13,agricultural|FuzzyKMeans|25|1000|Euclidean|1.05|-|-|FRONT|20|400|NSGAII,18,construction2,21.251
3.3701910296862527,0.0,5559.938013615295,13,agricultural|FuzzyKMeans|25|1000|Euclidean|1.05|-|-|FRONT|20|400|NSGAII,19,construction2,22.449
3.263482414914596,0.0,5558.902282570177,14,agricultural|FuzzyKMeans|25|1000|Euclidean|1.05|-|-|FRONT|20|400|NSGAII,20,construction2,23.439
10.037315247467408,5.0691035794726655,3834.748713216407,5,agricultural|DBSCAN|25|-|-|-|0.2|2|FRONT|20|400|NSGAII,1,construction2,2.574
7.080614687119664,1.1743995685516988,4551.362069023305,7,agricultural|DBSCAN|25|-|-|-|0.2|2|FRONT|20|400|NSGAII,2,construction2,3.468
4.617223353149341,0.4153688912221027,4864.057076636866,9,agricultural|DBSCAN|25|-|-|-|0.2|2|FRONT|20|400|NSGAII,3,construction2,4.444
1.419098473269751,0.3599601167025558,5357.678448226333,14,agricultural|DBSCAN|25|-|-|-|0.2|2|FRONT|20|400|NSGAII,4,construction2,5.55
1.3416758982530217,0.3360942161550148,5366.854503661644,15,agricultural|DBSCAN|25|-|-|-|0.2|2|FRONT|20|400|NSGAII,5,construction2,6.38
1.3825488284992058,0.3601009458803729,5364.987027436054,14,agricultural|DBSCAN|25|-|-|-|0.2|2|FRONT|20|400|NSGAII,6,construction2,7.246
1.2715068421310831,0.3360942161550148,5370.10439113423,15,agricultural|DBSCAN|25|-|-|-|0.2|2|FRONT|20|400|NSGAII,7,construction2,8.116
1.2847258213426471,0.2494842158651777,5362.926578667152,15,agricultural|DBSCAN|25|-|-|-|0.2|2|FRONT|20|400|NSGAII,8,construction2,9.092
1.2641026938573263,0.3102985119927117,5371.232538310512,16,agricultural|DBSCAN|25|-|-|-|0.2|2|FRONT|20|400|NSGAII,9,construction2,10.056
1.3786201176098651,0.2289784111904083,5359.625455308375,16,agricultural|DBSCAN|25|-|-|-|0.2|2|FRONT|20|400|NSGAII,10,construction2,11.109
1.3992432450951862,0.1627427750093874,5350.655823344843,15,agricultural|DBSCAN|25|-|-|-|0.2|2|FRONT|20|400|NSGAII,11,construction2,12.044
1.1336734127373516,0.2337682268430229,5385.044200938959,16,agricultural|DBSCAN|25|-|-|-|0.2|2|FRONT|20|400|NSGAII,12,construction2,12.879
1.251473747004261,0.1525713515713007,5353.7371591170695,16,agricultural|DBSCAN|25|-|-|-|0.2|2|FRONT|20|400|NSGAII,13,construction2,13.655
1.0439496877670944,0.0684401867728383,5493.767230272701,17,agricultural|DBSCAN|25|-|-|-|0.2|2|FRONT|20|400|NSGAII,14,construction2,14.531
0.9556326266000008,0.0684401867728383,5500.193225825236,17,agricultural|DBSCAN|25|-|-|-|0.2|2|FRONT|20|400|NSGAII,15,construction2,15.393
1.1909226727021518,0.0727176984461407,5476.858392126388,16,agricultural|DBSCAN|25|-|-|-|0.2|2|FRONT|20|400|NSGAII,16,construction2,16.458
1.5038916656413484,0.0818489859294812,5442.070661924029,14,agricultural|DBSCAN|25|-|-|-|0.2|2|FRONT|20|400|NSGAII,17,construction2,17.57
1.5038916656413484,0.0818489859294812,5442.070661924029,14,agricultural|DBSCAN|25|-|-|-|0.2|2|FRONT|20|400|NSGAII,18,construction2,18.444
1.2101992768075045,0.0763923868675158,5521.846373240933,15,agricultural|DBSCAN|25|-|-|-|0.2|2|FRONT|20|400|NSGAII,19,construction2,19.666
1.2101992768075045,0.0763923868675158,5521.846373240933,15,agricultural|DBSCAN|25|-|-|-|0.2|2|FRONT|20|400|NSGAII,20,construction2,20.84
0.7491031978677745,0.0003910527139188,5540.452661368576,15,agricultural|Random|100|-|-|-|-|-|FRONT|20|400|NSGAII,1,construction2,2.874
0.6423699489150827,0.0003666119192988,5539.449012607333,16,agricultural|Random|100|-|-|-|-|-|FRONT|20|400|NSGAII,2,construction2,4.23
0.6119478177686714,0.0003666119192988,5543.660889756129,16,agricultural|Random|100|-|-|-|-|-|FRONT|20|400|NSGAII,3,construction2,5.376
0.8162905289566603,0.0003910527139188,5507.824020987035,15,agricultural|Random|100|-|-|-|-|-|FRONT|20|400|NSGAII,4,construction2,6.651
0.6423699489150827,0.0003666119192988,5539.449012607333,16,agricultural|Random|100|-|-|-|-|-|FRONT|20|400|NSGAII,5,construction2,8.173
0.6119478177686714,0.0003666119192988,5543.660889756129,16,agricultural|Random|100|-|-|-|-|-|FRONT|20|400|NSGAII,6,construction2,9.201
0.585796735818019,0.0003666119192988,5572.2045456042015,16,agricultural|Random|100|-|-|-|-|-|FRONT|20|400|NSGAII,7,construction2,10.166
0.7967602173365242,0.0014664476771435,5536.5951258625855,16,agricultural|Random|100|-|-|-|-|-|FRONT|20|400|NSGAII,8,construction2,11.254
0.7919237300518535,0.0014664476771435,5573.338917701233,16,agricultural|Random|100|-|-|-|-|-|FRONT|20|400|NSGAII,9,construction2,12.191
0.7099073168855171,0.0826633229488565,5600.333525962186,16,agricultural|Random|100|-|-|-|-|-|FRONT|20|400|NSGAII,10,construction2,13.537
0.7228394196246057,0.1638601982205786,5577.692052667096,16,agricultural|Random|100|-|-|-|-|-|FRONT|20|400|NSGAII,11,construction2,14.752
0.9853307660295042,0.1747842114352839,5574.340172262188,15,agricultural|Random|100|-|-|-|-|-|FRONT|20|400|NSGAII,12,construction2,15.909
0.9035496889141744,0.1638601982205786,5608.290890043436,16,agricultural|Random|100|-|-|-|-|-|FRONT|20|400|NSGAII,13,construction2,17.074
0.864871186605968,0.0826633229488652,5608.9114667584,16,agricultural|Random|100|-|-|-|-|-|FRONT|20|400|NSGAII,14,construction2,18.305
1.002026566705071,0.0881742111454562,5608.1932066716345,15,agricultural|Random|100|-|-|-|-|-|FRONT|20|400|NSGAII,15,construction2,19.606
0.9822032275500966,0.0826633229488652,5639.180383334883,16,agricultural|Random|100|-|-|-|-|-|FRONT|20|400|NSGAII,16,construction2,20.663
0.706284143260384,0.0826633229488652,5599.917892791976,16,agricultural|Random|100|-|-|-|-|-|FRONT|20|400|NSGAII,17,construction2,21.935
0.7121017448234948,0.0827865484794466,5599.319342719672,16,agricultural|Random|100|-|-|-|-|-|FRONT|20|400|NSGAII,18,construction2,23.121
0.8964979323739258,0.0014664476771431,5603.744782534266,16,agricultural|Random|100|-|-|-|-|-|FRONT|20|400|NSGAII,19,construction2,24.345
0.749323517752544,0.0014664476771431,5568.909168326124,16,agricultural|Random|100|-|-|-|-|-|FRONT|20|400|NSGAII,20,construction2,25.353
22.26732231108949,11.117321760113418,3224.091673815863,3,agricultural|NONE2|0|-|-|-|-|-|FRONT|20|400|NSGAII,1,construction3,2.503
14.928769959584702,8.805116111394872,3226.809732479248,4,agricultural|NONE2|0|-|-|-|-|-|FRONT|20|400|NSGAII,2,construction3,3.533
14.775055067467337,7.407890118741373,3235.0972822130643,5,agricultural|NONE2|0|-|-|-|-|-|FRONT|20|400|NSGAII,3,construction3,4.53
12.426711533231016,7.139487601529903,3582.6935275927126,7,agricultural|NONE2|0|-|-|-|-|-|FRONT|20|400|NSGAII,4,construction3,5.302
10.000494013585795,5.8283724998729,3802.474688235969,8,agricultural|NONE2|0|-|-|-|-|-|FRONT|20|400|NSGAII,5,construction3,6.116
9.064561446412151,5.31477451729767,3929.6437790839736,9,agricultural|NONE2|0|-|-|-|-|-|FRONT|20|400|NSGAII,6,construction3,6.871
8.12797539869611,3.7497124951921137,4000.941702538242,11,agricultural|NONE2|0|-|-|-|-|-|FRONT|20|400|NSGAII,7,construction3,7.984
8.12797539869611,3.7497124951921137,4000.941702538242,11,agricultural|NONE2|0|-|-|-|-|-|FRONT|20|400|NSGAII,8,construction3,9.331
8.094535303201193,3.58881863293672,4002.893480555266,12,agricultural|NONE2|0|-|-|-|-|-|FRONT|20|400|NSGAII,9,construction3,10.395
8.026223471598877,3.405524173225889,4012.108632065991,13,agricultural|NONE2|0|-|-|-|-|-|FRONT|20|400|NSGAII,10,construction3,11.733
7.9391522504836,3.295736672655412,4035.201290475298,14,agricultural|NONE2|0|-|-|-|-|-|FRONT|20|400|NSGAII,11,construction3,12.985
7.9391522504836,3.295736672655412,4035.201290475298,14,agricultural|NONE2|0|-|-|-|-|-|FRONT|20|400|NSGAII,12,construction3,14.494
7.9391522504836,3.295736672655412,4035.201290475298,14,agricultural|NONE2|0|-|-|-|-|-|FRONT|20|400|NSGAII,13,construction3,15.741
7.801802750999428,3.214815456121745,4056.88590944197,14,agricultural|NONE2|0|-|-|-|-|-|FRONT|20|400|NSGAII,14,construction3,17.445
7.801802750999428,3.214815456121745,4056.88590944197,14,agricultural|NONE2|0|-|-|-|-|-|FRONT|20|400|NSGAII,15,construction3,18.559
7.531354655030817,2.8769982492941115,4102.327440583827,15,agricultural|NONE2|0|-|-|-|-|-|FRONT|20|400|NSGAII,16,construction3,19.886
7.146148038848417,2.5050302448422883,4188.452384566581,16,agricultural|NONE2|0|-|-|-|-|-|FRONT|20|400|NSGAII,17,construction3,21.26
7.11875673624703,2.5916328840520477,4188.942966608697,15,agricultural|NONE2|0|-|-|-|-|-|FRONT|20|400|NSGAII,18,construction3,22.687
7.0621013156029,2.516894354608996,4189.881118537046,14,agricultural|NONE2|0|-|-|-|-|-|FRONT|20|400|NSGAII,19,construction3,23.87
7.068443621653518,2.516894354608996,4190.308805445558,14,agricultural|NONE2|0|-|-|-|-|-|FRONT|20|400|NSGAII,20,construction3,25.057
6.934152928692505,2.598869277721532,4713.550921047538,7,agricultural|Random|25|-|-|-|-|-|FRONT|20|400|NSGAII,1,construction3,2.828
3.8293634460007406,1.6058783248923965,4883.432424944033,12,agricultural|Random|25|-|-|-|-|-|FRONT|20|400|NSGAII,2,construction3,4.057
3.543707744203448,1.3993911495423637,4908.192932554021,13,agricultural|Random|25|-|-|-|-|-|FRONT|20|400|NSGAII,3,construction3,5.355
3.2518685213343947,1.2140550300500197,4949.233833218828,15,agricultural|Random|25|-|-|-|-|-|FRONT|20|400|NSGAII,4,construction3,6.48
3.21785169761764,1.1385285612852651,4980.492714620355,15,agricultural|Random|25|-|-|-|-|-|FRONT|20|400|NSGAII,5,construction3,7.802
3.21785169761764,1.1385285612852651,4980.492714620355,15,agricultural|Random|25|-|-|-|-|-|FRONT|20|400|NSGAII,6,construction3,9.065
1.4856557463835358,0.0731463640905076,5447.716736105988,15,agricultural|Random|25|-|-|-|-|-|FRONT|20|400|NSGAII,7,construction3,9.978
1.730370435375161,0.0843996508736626,5429.2369285277655,13,agricultural|Random|25|-|-|-|-|-|FRONT|20|400|NSGAII,8,construction3,11.003
1.6825440865976882,0.0,5434.070520989051,14,agricultural|Random|25|-|-|-|-|-|FRONT|20|400|NSGAII,9,construction3,12.088
1.8617850981417925,0.0,5401.249405623793,13,agricultural|Random|25|-|-|-|-|-|FRONT|20|400|NSGAII,10,construction3,12.986
1.8599128757402212,0.0,5390.130357552594,14,agricultural|Random|25|-|-|-|-|-|FRONT|20|400|NSGAII,11,construction3,14.073
1.7311930445858714,0.0,5394.9079530562185,15,agricultural|Random|25|-|-|-|-|-|FRONT|20|400|NSGAII,12,construction3,15.246
1.9349482076905529,0.0,5376.776706250681,14,agricultural|Random|25|-|-|-|-|-|FRONT|20|400|NSGAII,13,construction3,16.314
2.3088191018892488,0.0754510602833076,5315.36752089929,14,agricultural|Random|25|-|-|-|-|-|FRONT|20|400|NSGAII,14,construction3,17.339
2.3820790541820696,0.0,5308.815876852959,13,agricultural|Random|25|-|-|-|-|-|FRONT|20|400|NSGAII,15,construction3,18.359
1.760247766470443,0.0,5394.530582254589,14,agricultural|Random|25|-|-|-|-|-|FRONT|20|400|NSGAII,16,construction3,19.225
1.66103346447456,0.1212657432084924,5387.90996982925,15,agricultural|Random|25|-|-|-|-|-|FRONT|20|400|NSGAII,17,construction3,20.299
1.5767313755271797,0.1299275820090991,5390.148630810521,14,agricultural|Random|25|-|-|-|-|-|FRONT|20|400|NSGAII,18,construction3,21.531
1.965874274368842,0.2211769993918226,5375.509078357683,13,agricultural|Random|25|-|-|-|-|-|FRONT|20|400|NSGAII,19,construction3,22.416
1.8855725560345784,0.1612183262252914,5389.583791933245,14,agricultural|Random|25|-|-|-|-|-|FRONT|20|400|NSGAII,20,construction3,23.377
4.154397038374439,1.8890879309031263,5129.487160482174,9,agricultural|KMeans|25|1000|Euclidean|-|-|-|FRONT|20|400|NSGAII,1,construction3,2.615
3.793331100284178,1.4025253271619338,5201.939919744435,10,agricultural|KMeans|25|1000|Euclidean|-|-|-|FRONT|20|400|NSGAII,2,construction3,3.814
2.76202829276056,1.268428211132061,5259.932479128395,14,agricultural|KMeans|25|1000|Euclidean|-|-|-|FRONT|20|400|NSGAII,3,construction3,4.847
1.725889333392442,1.1838663303899235,5380.587663010234,15,agricultural|KMeans|25|1000|Euclidean|-|-|-|FRONT|20|400|NSGAII,4,construction3,5.732
1.3978766220081085,0.2013881415389211,5431.245432490727,14,agricultural|KMeans|25|1000|Euclidean|-|-|-|FRONT|20|400|NSGAII,5,construction3,6.682
1.7812377037717206,0.234952831795408,5392.756045374992,12,agricultural|KMeans|25|1000|Euclidean|-|-|-|FRONT|20|400|NSGAII,6,construction3,7.652
2.044040629548172,0.234952831795408,5366.535672837782,12,agricultural|KMeans|25|1000|Euclidean|-|-|-|FRONT|20|400|NSGAII,7,construction3,8.478
1.6954656111500792,0.2168795370419151,5417.377664193475,13,agricultural|KMeans|25|1000|Euclidean|-|-|-|FRONT|20|400|NSGAII,8,construction3,9.276
1.783137783137771,0.234952831795408,5417.289611006429,12,agricultural|KMeans|25|1000|Euclidean|-|-|-|FRONT|20|400|NSGAII,9,construction3,10.183
1.4930761548880471,0.2168795370419151,5427.5642411871,13,agricultural|KMeans|25|1000|Euclidean|-|-|-|FRONT|20|400|NSGAII,10,construction3,11.14
1.4792434977802544,0.2168795370419151,5433.438646665777,13,agricultural|KMeans|25|1000|Euclidean|-|-|-|FRONT|20|400|NSGAII,11,construction3,12.051
2.0047891322076232,0.0,5428.523201365797,14,agricultural|KMeans|25|1000|Euclidean|-|-|-|FRONT|20|400|NSGAII,12,construction3,13.06
2.474031789559177,0.0,5365.445063211076,12,agricultural|KMeans|25|1000|Euclidean|-|-|-|FRONT|20|400|NSGAII,13,construction3,14.053
1.728197709485099,0.0013380432455705,5423.111379450409,12,agricultural|KMeans|25|1000|Euclidean|-|-|-|FRONT|20|400|NSGAII,14,construction3,15.099
1.7642111812211392,0.0013380432455705,5428.554446045075,12,agricultural|KMeans|25|1000|Euclidean|-|-|-|FRONT|20|400|NSGAII,15,construction3,16.203
1.7205491353170037,0.0,5435.900191875044,12,agricultural|KMeans|25|1000|Euclidean|-|-|-|FRONT|20|400|NSGAII,16,construction3,17.201
1.3134755417627315,0.0,5468.558193249482,14,agricultural|KMeans|25|1000|Euclidean|-|-|-|FRONT|20|400|NSGAII,17,construction3,18.475
1.462189000042721,0.0926322897441543,5461.748070492792,13,agricultural|KMeans|25|1000|Euclidean|-|-|-|FRONT|20|400|NSGAII,18,construction3,19.542
1.4516061089770615,0.0871459254977946,5450.205393263639,13,agricultural|KMeans|25|1000|Euclidean|-|-|-|FRONT|20|400|NSGAII,19,construction3,20.941
1.5008082323053855,0.0871459254977946,5442.213666390505,13,agricultural|KMeans|25|1000|Euclidean|-|-|-|FRONT|20|400|NSGAII,20,construction3,22.09
7.590349402245512,0.4674233596290648,4682.708663552517,5,agricultural|FuzzyKMeans|25|1000|Euclidean|1.05|-|-|FRONT|20|400|NSGAII,1,construction3,2.712
7.274183900384334,0.389519466357554,4684.838982593963,6,agricultural|FuzzyKMeans|25|1000|Euclidean|1.05|-|-|FRONT|20|400|NSGAII,2,construction3,3.89
3.793256264853436,0.385766225382115,5150.987613374608,9,agricultural|FuzzyKMeans|25|1000|Euclidean|1.05|-|-|FRONT|20|400|NSGAII,3,construction3,5.048
3.342698486939772,0.2893246690365862,5169.865892057348,12,agricultural|FuzzyKMeans|25|1000|Euclidean|1.05|-|-|FRONT|20|400|NSGAII,4,construction3,6.374
2.6253932887987874,0.3537907747194573,5258.321607958979,13,agricultural|FuzzyKMeans|25|1000|Euclidean|1.05|-|-|FRONT|20|400|NSGAII,5,construction3,7.912
2.7922067994813577,0.4712995762766148,5247.916723985482,12,agricultural|FuzzyKMeans|25|1000|Euclidean|1.05|-|-|FRONT|20|400|NSGAII,6,construction3,9.106
2.78697005105374,0.5164497662471892,5248.333050798095,13,agricultural|FuzzyKMeans|25|1000|Euclidean|1.05|-|-|FRONT|20|400|NSGAII,7,construction3,10.304
2.158326275984617,0.3483239132619591,5302.708569872848,13,agricultural|FuzzyKMeans|25|1000|Euclidean|1.05|-|-|FRONT|20|400|NSGAII,8,construction3,11.5
1.6549462372358716,0.3234436337432478,5344.44091123225,14,agricultural|FuzzyKMeans|25|1000|Euclidean|1.05|-|-|FRONT|20|400|NSGAII,9,construction3,12.584
1.6338559452145571,0.2479925734599311,5346.33263454106,14,agricultural|FuzzyKMeans|25|1000|Euclidean|1.05|-|-|FRONT|20|400|NSGAII,10,construction3,13.596
1.9023877101030529,0.2670689252645412,5317.425219586236,13,agricultural|FuzzyKMeans|25|1000|Euclidean|1.05|-|-|FRONT|20|400|NSGAII,11,construction3,14.528
2.254957969558219,0.2893246690365862,5276.136796137565,12,agricultural|FuzzyKMeans|25|1000|Euclidean|1.05|-|-|FRONT|20|400|NSGAII,12,construction3,15.611
1.901312783608247,0.1744366355203868,5297.9013527901725,13,agricultural|FuzzyKMeans|25|1000|Euclidean|1.05|-|-|FRONT|20|400|NSGAII,13,construction3,16.589
1.7948355114220431,0.1744366355203868,5339.11754827896,13,agricultural|FuzzyKMeans|25|1000|Euclidean|1.05|-|-|FRONT|20|400|NSGAII,14,construction3,17.447
1.7193451286940853,0.0872907100225931,5368.683130373831,13,agricultural|FuzzyKMeans|25|1000|Euclidean|1.05|-|-|FRONT|20|400|NSGAII,15,construction3,18.522
1.6532786247552371,0.1716903608962558,5384.361466968781,13,agricultural|FuzzyKMeans|25|1000|Euclidean|1.05|-|-|FRONT|20|400|NSGAII,16,construction3,19.456
1.6005886372540288,0.1594267636893804,5390.167296463077,14,agricultural|FuzzyKMeans|25|1000|Euclidean|1.05|-|-|FRONT|20|400|NSGAII,17,construction3,20.48
1.548479510640535,0.1594267636893804,5400.989722968694,14,agricultural|FuzzyKMeans|25|1000|Euclidean|1.05|-|-|FRONT|20|400|NSGAII,18,construction3,21.855
1.8466752674555216,0.1594267636893804,5371.41115607205,14,agricultural|FuzzyKMeans|25|1000|Euclidean|1.05|-|-|FRONT|20|400|NSGAII,19,construction3,23.079
1.6816495726470349,0.1670713569262737,5375.126838255393,14,agricultural|FuzzyKMeans|25|1000|Euclidean|1.05|-|-|FRONT|20|400|NSGAII,20,construction3,24.127
12.801439876667672,0.4509536171655643,3619.8053687609113,5,agricultural|DBSCAN|25|-|-|-|0.2|2|FRONT|20|400|NSGAII,1,construction3,2.69
10.427378177272226,4.033411827071069,3785.180326638212,10,agricultural|DBSCAN|25|-|-|-|0.2|2|FRONT|20|400|NSGAII,2,construction3,3.78
9.928661294942255,3.3611765225592234,3837.3431157996015,12,agricultural|DBSCAN|25|-|-|-|0.2|2|FRONT|20|400|NSGAII,3,construction3,4.863
8.70307646635071,1.1643832666889915,4152.376713101777,12,agricultural|DBSCAN|25|-|-|-|0.2|2|FRONT|20|400|NSGAII,4,construction3,6.174
8.473945183027869,0.0867218494549161,4167.136780746102,13,agricultural|DBSCAN|25|-|-|-|0.2|2|FRONT|20|400|NSGAII,5,construction3,7.263
4.578788956501406,0.1455799257920228,4907.67504690581,15,agricultural|DBSCAN|25|-|-|-|0.2|2|FRONT|20|400|NSGAII,6,construction3,8.303
4.666529909496865,0.167976837452334,4900.897386153559,13,agricultural|DBSCAN|25|-|-|-|0.2|2|FRONT|20|400|NSGAII,7,construction3,9.51
4.533958984108452,0.2207388619862836,4904.733583528392,15,agricultural|DBSCAN|25|-|-|-|0.2|2|FRONT|20|400|NSGAII,8,construction3,10.903
1.521377320194913,0.2161300621849615,5351.407624624726,15,agricultural|DBSCAN|25|-|-|-|0.2|2|FRONT|20|400|NSGAII,9,construction3,12.121
1.4627191708879157,0.132160430616282,5360.371195601036,16,agricultural|DBSCAN|25|-|-|-|0.2|2|FRONT|20|400|NSGAII,10,construction3,13.443
1.696660708370498,0.1409711259907008,5366.272788008431,15,agricultural|DBSCAN|25|-|-|-|0.2|2|FRONT|20|400|NSGAII,11,construction3,14.7
1.6373697334827035,0.1409711259907008,5397.151458182943,15,agricultural|DBSCAN|25|-|-|-|0.2|2|FRONT|20|400|NSGAII,12,construction3,15.871
1.6974983541279176,0.1510404921328938,5388.920716956897,14,agricultural|DBSCAN|25|-|-|-|0.2|2|FRONT|20|400|NSGAII,13,construction3,17.016
1.8079402852535729,0.1510404921328938,5360.906818674313,14,agricultural|DBSCAN|25|-|-|-|0.2|2|FRONT|20|400|NSGAII,14,construction3,18.049
1.912497872810199,0.1762139074883761,5347.0853087333935,12,agricultural|DBSCAN|25|-|-|-|0.2|2|FRONT|20|400|NSGAII,15,construction3,19.235
1.5554869560151463,0.1510404921328938,5383.789285604866,14,agricultural|DBSCAN|25|-|-|-|0.2|2|FRONT|20|400|NSGAII,16,construction3,20.063
1.5046726628653386,0.0,5438.93292347928,16,agricultural|DBSCAN|25|-|-|-|0.2|2|FRONT|20|400|NSGAII,17,construction3,21.324
1.541540306765461,0.0,5444.354078220949,16,agricultural|DBSCAN|25|-|-|-|0.2|2|FRONT|20|400|NSGAII,18,construction3,22.459
1.7882961847808378,0.0,5421.392890929627,15,agricultural|DBSCAN|25|-|-|-|0.2|2|FRONT|20|400|NSGAII,19,construction3,23.527
1.929382423635376,0.0,5404.588934330678,13,agricultural|DBSCAN|25|-|-|-|0.2|2|FRONT|20|400|NSGAII,20,construction3,24.889
1.6012936851474575,0.1460697998840827,5454.271626352762,16,agricultural|Random|100|-|-|-|-|-|FRONT|20|400|NSGAII,1,construction3,2.988
1.3220757309879865,0.0,5474.419182789579,17,agricultural|Random|100|-|-|-|-|-|FRONT|20|400|NSGAII,2,construction3,4.299
1.3531072647410094,0.0,5463.835352016603,16,agricultural|Random|100|-|-|-|-|-|FRONT|20|400|NSGAII,3,construction3,5.437
1.7192977090370976,0.0,5440.024065983983,13,agricultural|Random|100|-|-|-|-|-|FRONT|20|400|NSGAII,4,construction3,6.574
1.9272330581162525,0.0,5429.144019420482,13,agricultural|Random|100|-|-|-|-|-|FRONT|20|400|NSGAII,5,construction3,7.707
1.8296073401024635,0.0,5430.227033043648,13,agricultural|Random|100|-|-|-|-|-|FRONT|20|400|NSGAII,6,construction3,8.943
1.5857842113510745,0.0,5421.912702156162,14,agricultural|Random|100|-|-|-|-|-|FRONT|20|400|NSGAII,7,construction3,10.136
1.8105620729341128,0.0,5411.37391241435,13,agricultural|Random|100|-|-|-|-|-|FRONT|20|400|NSGAII,8,construction3,11.101
2.215662005425366,0.0,5372.713694000247,14,agricultural|Random|100|-|-|-|-|-|FRONT|20|400|NSGAII,9,construction3,12.29
1.7227268343105393,0.0783711043826867,5409.906224038556,14,agricultural|Random|100|-|-|-|-|-|FRONT|20|400|NSGAII,10,construction3,13.407
1.8789938226181424,0.0843996508736626,5402.443614992596,13,agricultural|Random|100|-|-|-|-|-|FRONT|20|400|NSGAII,11,construction3,14.501
1.5228308283819787,0.0,5445.566141692192,14,agricultural|Random|100|-|-|-|-|-|FRONT|20|400|NSGAII,12,construction3,15.615
1.2275044974633331,0.0,5445.056161124353,15,agricultural|Random|100|-|-|-|-|-|FRONT|20|400|NSGAII,13,construction3,16.767
1.2842445287632946,0.0,5429.558394429104,15,agricultural|Random|100|-|-|-|-|-|FRONT|20|400|NSGAII,14,construction3,17.698
1.6535214433770091,0.0,5398.786848869248,13,agricultural|Random|100|-|-|-|-|-|FRONT|20|400|NSGAII,15,construction3,18.846
1.2857379861622666,0.0755264687647553,5436.845302876027,15,agricultural|Random|100|-|-|-|-|-|FRONT|20|400|NSGAII,16,construction3,19.755
1.6145893302064158,0.0809212165336664,5401.678401914844,14,agricultural|Random|100|-|-|-|-|-|FRONT|20|400|NSGAII,17,construction3,20.795
1.477239830722242,0.0,5424.765379473372,14,agricultural|Random|100|-|-|-|-|-|FRONT|20|400|NSGAII,18,construction3,21.748
1.4807808837971337,0.0,5425.891405252423,14,agricultural|Random|100|-|-|-|-|-|FRONT|20|400|NSGAII,19,construction3,22.745
1.3373722513069777,0.0011468942104616,5459.065950691034,14,agricultural|Random|100|-|-|-|-|-|FRONT|20|400|NSGAII,20,construction3,23.758
32.945309638877994,13.168803325439772,1948.765970179026,5,agricultural|NONE2|0|-|-|-|-|-|FRONT|20|400|NSGAII,1,construction5,2.625
19.72892501582477,13.696476285797887,3241.051457690192,7,agricultural|NONE2|0|-|-|-|-|-|FRONT|20|400|NSGAII,2,construction5,3.623
14.14471309048054,7.956943481219488,4019.0154920208,7,agricultural|NONE2|0|-|-|-|-|-|FRONT|20|400|NSGAII,3,construction5,4.69
12.460847127830307,5.949529274783766,4305.85032815435,8,agricultural|NONE2|0|-|-|-|-|-|FRONT|20|400|NSGAII,4,construction5,5.731
10.71731342037103,3.9227232651155424,4552.963656291487,9,agricultural|NONE2|0|-|-|-|-|-|FRONT|20|400|NSGAII,5,construction5,6.655
10.71731342037103,4.771313427374992,4561.481478888885,10,agricultural|NONE2|0|-|-|-|-|-|FRONT|20|400|NSGAII,6,construction5,7.528
10.71731342037103,4.771313427374992,4561.481478888885,10,agricultural|NONE2|0|-|-|-|-|-|FRONT|20|400|NSGAII,7,construction5,8.393
9.496461134759944,3.211313104065236,4628.352410563944,11,agricultural|NONE2|0|-|-|-|-|-|FRONT|20|400|NSGAII,8,construction5,9.485
9.496461134759944,4.2086761863423545,4630.789222951642,12,agricultural|NONE2|0|-|-|-|-|-|FRONT|20|400|NSGAII,9,construction5,10.359
9.481565616600635,3.783331543707341,4644.473857514801,13,agricultural|NONE2|0|-|-|-|-|-|FRONT|20|400|NSGAII,10,construction5,11.248
9.436608349160414,3.513093576299674,4649.591688327039,14,agricultural|NONE2|0|-|-|-|-|-|FRONT|20|400|NSGAII,11,construction5,12.27
9.419990690667154,2.509884937752441,4649.576993980983,14,agricultural|NONE2|0|-|-|-|-|-|FRONT|20|400|NSGAII,12,construction5,13.101
9.436608349160414,3.5130935762996742,4649.591688327039,14,agricultural|NONE2|0|-|-|-|-|-|FRONT|20|400|NSGAII,13,construction5,14.036
9.356691093988864,3.438685567124169,4670.562269476532,14,agricultural|NONE2|0|-|-|-|-|-|FRONT|20|400|NSGAII,14,construction5,15.045
9.42154411796812,3.438685567124169,4670.569266784179,14,agricultural|NONE2|0|-|-|-|-|-|FRONT|20|400|NSGAII,15,construction5,16.339
9.403763881185483,3.438685567124169,4670.770439378997,14,agricultural|NONE2|0|-|-|-|-|-|FRONT|20|400|NSGAII,16,construction5,17.296
9.403763881185483,3.438685567124169,4670.770439378997,14,agricultural|NONE2|0|-|-|-|-|-|FRONT|20|400|NSGAII,17,construction5,18.28
9.349684120322564,3.368654006331173,4656.710749126014,14,agricultural|NONE2|0|-|-|-|-|-|FRONT|20|400|NSGAII,18,construction5,19.299
9.44463337321212,3.445338139722331,4657.214555276522,14,agricultural|NONE2|0|-|-|-|-|-|FRONT|20|400|NSGAII,19,construction5,20.463
9.33965677276968,3.2105020539498885,4655.14440180947,15,agricultural|NONE2|0|-|-|-|-|-|FRONT|20|400|NSGAII,20,construction5,21.638
12.493273768240831,0.3993587017023618,5006.411342432288,5,agricultural|Random|25|-|-|-|-|-|FRONT|20|400|NSGAII,1,construction5,2.715
10.956071793468658,0.2495991885639761,5069.861178838736,8,agricultural|Random|25|-|-|-|-|-|FRONT|20|400|NSGAII,2,construction5,3.764
7.570574089438792,0.2551831145144802,5077.215948472675,12,agricultural|Random|25|-|-|-|-|-|FRONT|20|400|NSGAII,3,construction5,4.969
4.239918490628288,0.2355536441672125,5728.335017388522,13,agricultural|Random|25|-|-|-|-|-|FRONT|20|400|NSGAII,4,construction5,5.916
3.618931145580352,0.388586478888677,5800.00468990088,13,agricultural|Random|25|-|-|-|-|-|FRONT|20|400|NSGAII,5,construction5,7.139
3.5015711494911343,0.3608303018252001,5814.186833037674,14,agricultural|Random|25|-|-|-|-|-|FRONT|20|400|NSGAII,6,construction5,8.29
3.3445433294367826,0.3779999341353031,5824.6639017759335,16,agricultural|Random|25|-|-|-|-|-|FRONT|20|400|NSGAII,7,construction5,9.385
2.2462277995065554,0.1994436884738109,5949.377965545615,15,agricultural|Random|25|-|-|-|-|-|FRONT|20|400|NSGAII,8,construction5,10.373
2.296777985065512,0.1380075154686688,5940.9077246402085,14,agricultural|Random|25|-|-|-|-|-|FRONT|20|400|NSGAII,9,construction5,11.235
2.438082843965084,0.1380075154686688,5924.496239287427,14,agricultural|Random|25|-|-|-|-|-|FRONT|20|400|NSGAII,10,construction5,12.289
2.4819635342691457,0.1425200433210851,5920.152660566214,14,agricultural|Random|25|-|-|-|-|-|FRONT|20|400|NSGAII,11,construction5,13.294
2.3771572838792245,0.1330187070996795,5929.843931655836,15,agricultural|Random|25|-|-|-|-|-|FRONT|20|400|NSGAII,12,construction5,14.237
2.392514481621715,0.1289418166803503,5929.0934704108095,15,agricultural|Random|25|-|-|-|-|-|FRONT|20|400|NSGAII,13,construction5,15.174
2.0867009599877973,0.0665597836170625,5951.129741514777,15,agricultural|Random|25|-|-|-|-|-|FRONT|20|400|NSGAII,14,construction5,16.005
2.2739541722883416,0.0713140538754242,5928.631298240796,14,agricultural|Random|25|-|-|-|-|-|FRONT|20|400|NSGAII,15,construction5,16.914
0.8828505345329128,0.121055697929514,5959.485576440172,17,agricultural|Random|25|-|-|-|-|-|FRONT|20|400|NSGAII,16,construction5,17.764
0.7857307946070577,0.159418695894812,5980.807772298871,18,agricultural|Random|25|-|-|-|-|-|FRONT|20|400|NSGAII,17,construction5,18.634
1.6768583208916747,0.1687962662415657,5928.676081009727,17,agricultural|Random|25|-|-|-|-|-|FRONT|20|400|NSGAII,18,construction5,19.732
1.0410995354424215,0.1550763466831499,5960.126529820539,18,agricultural|Random|25|-|-|-|-|-|FRONT|20|400|NSGAII,19,construction5,20.653
1.1129262283235848,0.1641984847233352,5953.764227843469,17,agricultural|Random|25|-|-|-|-|-|FRONT|20|400|NSGAII,20,construction5,21.634
5.914545898221288,0.500280650802024,5653.5604687757495,6,agricultural|KMeans|25|1000|Euclidean|-|-|-|FRONT|20|400|NSGAII,1,construction5,2.683
5.029761365752502,0.3747109595172458,5694.430501376902,8,agricultural|KMeans|25|1000|Euclidean|-|-|-|FRONT|20|400|NSGAII,2,construction5,3.587
4.855191295482812,0.4992968282633159,5701.62898161766,10,agricultural|KMeans|25|1000|Euclidean|-|-|-|FRONT|20|400|NSGAII,3,construction5,4.658
4.824082361297779,0.4539062075121053,5702.001588249806,11,agricultural|KMeans|25|1000|Euclidean|-|-|-|FRONT|20|400|NSGAII,4,construction5,5.631
3.787990331372528,0.3706700507641576,5807.314064872679,16,agricultural|KMeans|25|1000|Euclidean|-|-|-|FRONT|20|400|NSGAII,5,construction5,6.61
3.813106260248876,0.271981502217774,5801.617556718122,14,agricultural|KMeans|25|1000|Euclidean|-|-|-|FRONT|20|400|NSGAII,6,construction5,7.697
3.5805654701909195,0.1872896184528598,5857.811884826495,15,agricultural|KMeans|25|1000|Euclidean|-|-|-|FRONT|20|400|NSGAII,7,construction5,8.778
3.6249053513512033,0.1872896184528598,5827.9480755244,15,agricultural|KMeans|25|1000|Euclidean|-|-|-|FRONT|20|400|NSGAII,8,construction5,9.751
3.4433610090002924,0.1247640661265858,5866.971398773909,15,agricultural|KMeans|25|1000|Euclidean|-|-|-|FRONT|20|400|NSGAII,9,construction5,10.783
3.255319267752428,0.0584831559968323,5875.842235542047,16,agricultural|KMeans|25|1000|Euclidean|-|-|-|FRONT|20|400|NSGAII,10,construction5,12.128
3.4976629786721456,0.0668378925678083,5863.750887929868,14,agricultural|KMeans|25|1000|Euclidean|-|-|-|FRONT|20|400|NSGAII,11,construction5,13.153
3.524632536603874,0.0,5858.650900252126,13,agricultural|KMeans|25|1000|Euclidean|-|-|-|FRONT|20|400|NSGAII,12,construction5,14.278
3.62447709873626,0.0,5820.196496353113,13,agricultural|KMeans|25|1000|Euclidean|-|-|-|FRONT|20|400|NSGAII,13,construction5,15.387
3.653907462651576,0.0,5839.31384057258,13,agricultural|KMeans|25|1000|Euclidean|-|-|-|FRONT|20|400|NSGAII,14,construction5,16.222
3.888268140212154,0.0,5796.954939007132,12,agricultural|KMeans|25|1000|Euclidean|-|-|-|FRONT|20|400|NSGAII,15,construction5,17.273
3.407268475956449,0.0011380621078543,5851.193169763085,14,agricultural|KMeans|25|1000|Euclidean|-|-|-|FRONT|20|400|NSGAII,16,construction5,18.242
3.406363167777419,0.0,5851.261393512635,14,agricultural|KMeans|25|1000|Euclidean|-|-|-|FRONT|20|400|NSGAII,17,construction5,19.217
3.670154209253312,0.0,5828.019836166654,13,agricultural|KMeans|25|1000|Euclidean|-|-|-|FRONT|20|400|NSGAII,18,construction5,20.321
3.445867858357501,0.0711696229008505,5862.830042243661,14,agricultural|KMeans|25|1000|Euclidean|-|-|-|FRONT|20|400|NSGAII,19,construction5,21.589
3.62447709873626,0.0,5820.196496353113,13,agricultural|KMeans|25|1000|Euclidean|-|-|-|FRONT|20|400|NSGAII,20,construction5,22.796
5.36671372996411,1.6937900896840683,5239.641111159366,9,agricultural|FuzzyKMeans|25|1000|Euclidean|1.05|-|-|FRONT|20|400|NSGAII,1,construction5,2.49
4.328457736722485,1.4821509925184082,5393.4461316016495,11,agricultural|FuzzyKMeans|25|1000|Euclidean|1.05|-|-|FRONT|20|400|NSGAII,2,construction5,3.473
2.280427582043555,0.47974919320781,5745.676953748219,15,agricultural|FuzzyKMeans|25|1000|Euclidean|1.05|-|-|FRONT|20|400|NSGAII,3,construction5,4.655
2.014662670813081,0.4797460039669114,5816.208765223116,15,agricultural|FuzzyKMeans|25|1000|Euclidean|1.05|-|-|FRONT|20|400|NSGAII,4,construction5,5.846
2.048922146717785,0.581774891563269,5740.795031017878,17,agricultural|FuzzyKMeans|25|1000|Euclidean|1.05|-|-|FRONT|20|400|NSGAII,5,construction5,7.028
1.9634702571614988,0.4381279739650283,5734.656549937095,16,agricultural|FuzzyKMeans|25|1000|Euclidean|1.05|-|-|FRONT|20|400|NSGAII,6,construction5,8.277
1.4855602938268349,0.4890351135878832,5796.819231602073,16,agricultural|FuzzyKMeans|25|1000|Euclidean|1.05|-|-|FRONT|20|400|NSGAII,7,construction5,9.426
1.661589167315502,0.5208339005321364,5768.486083347526,15,agricultural|FuzzyKMeans|25|1000|Euclidean|1.05|-|-|FRONT|20|400|NSGAII,8,construction5,10.618
1.4025866393934905,0.4258819846078817,5808.846553849288,16,agricultural|FuzzyKMeans|25|1000|Euclidean|1.05|-|-|FRONT|20|400|NSGAII,9,construction5,11.744
2.1182189901843884,0.5357565326103535,5758.80845700781,16,agricultural|FuzzyKMeans|25|1000|Euclidean|1.05|-|-|FRONT|20|400|NSGAII,10,construction5,12.897
2.097931729634443,0.4847185050005088,5783.16783425023,16,agricultural|FuzzyKMeans|25|1000|Euclidean|1.05|-|-|FRONT|20|400|NSGAII,11,construction5,14.169
2.058372116944964,0.4288789135289097,5786.015038731357,16,agricultural|FuzzyKMeans|25|1000|Euclidean|1.05|-|-|FRONT|20|400|NSGAII,12,construction5,15.294
1.4949181948729175,0.28631124362321,5839.920547508747,17,agricultural|FuzzyKMeans|25|1000|Euclidean|1.05|-|-|FRONT|20|400|NSGAII,13,construction5,16.548
1.4354890751104252,0.3042056963496605,5820.031400255938,16,agricultural|FuzzyKMeans|25|1000|Euclidean|1.05|-|-|FRONT|20|400|NSGAII,14,construction5,17.797
1.385699975198792,0.3449215213062716,5833.676849896277,17,agricultural|FuzzyKMeans|25|1000|Euclidean|1.05|-|-|FRONT|20|400|NSGAII,15,construction5,18.877
1.388458227184571,0.4513913104568868,5827.593040763516,17,agricultural|FuzzyKMeans|25|1000|Euclidean|1.05|-|-|FRONT|20|400|NSGAII,16,construction5,19.911
1.4745439682935275,0.4796032673604422,5820.796905712399,16,agricultural|FuzzyKMeans|25|1000|Euclidean|1.05|-|-|FRONT|20|400|NSGAII,17,construction5,20.985
1.5397680797808804,0.4513913104568868,5805.386035352987,17,agricultural|FuzzyKMeans|25|1000|Euclidean|1.05|-|-|FRONT|20|400|NSGAII,18,construction5,22.097
1.4372166685554737,0.514062126084073,5820.932653480731,17,agricultural|FuzzyKMeans|25|1000|Euclidean|1.05|-|-|FRONT|20|400|NSGAII,19,construction5,28.278
1.5143417925113838,0.4405216010858808,5831.294266642835,17,agricultural|FuzzyKMeans|25|1000|Euclidean|1.05|-|-|FRONT|20|400|NSGAII,20,construction5,29.481
5.758893279428725,0.6800851540679927,5572.740865734411,7,agricultural|DBSCAN|25|-|-|-|0.2|2|FRONT|20|400|NSGAII,1,construction5,2.769
5.269791332567324,0.6973987203310176,5621.390696738933,10,agricultural|DBSCAN|25|-|-|-|0.2|2|FRONT|20|400|NSGAII,2,construction5,3.969
5.196575924073428,0.4124581149349342,5652.728488896642,12,agricultural|DBSCAN|25|-|-|-|0.2|2|FRONT|20|400|NSGAII,3,construction5,5.152
4.769583104745196,0.5007539574804176,5722.133383975164,12,agricultural|DBSCAN|25|-|-|-|0.2|2|FRONT|20|400|NSGAII,4,construction5,6.432
4.3604941830254935,0.3863436433525609,5755.732711829886,13,agricultural|DBSCAN|25|-|-|-|0.2|2|FRONT|20|400|NSGAII,5,construction5,7.674
3.935546763801018,0.3861780442029613,5798.844898524913,13,agricultural|DBSCAN|25|-|-|-|0.2|2|FRONT|20|400|NSGAII,6,construction5,8.973
3.8193390829368536,0.200640682017375,5812.344804166219,15,agricultural|DBSCAN|25|-|-|-|0.2|2|FRONT|20|400|NSGAII,7,construction5,10.284
3.735033732198583,0.20510782277779,5833.083424567249,15,agricultural|DBSCAN|25|-|-|-|0.2|2|FRONT|20|400|NSGAII,8,construction5,11.645
3.626782063844386,0.20510782277779,5814.8928870228765,15,agricultural|DBSCAN|25|-|-|-|0.2|2|FRONT|20|400|NSGAII,9,construction5,12.945
3.393460067081893,0.1266966465946415,5859.8645832633165,16,agricultural|DBSCAN|25|-|-|-|0.2|2|FRONT|20|400|NSGAII,10,construction5,14.223
3.466553572202423,0.1351430897009509,5843.698003678143,15,agricultural|DBSCAN|25|-|-|-|0.2|2|FRONT|20|400|NSGAII,11,construction5,15.694
3.5129661477406064,0.067217686253461,5846.255169757349,16,agricultural|DBSCAN|25|-|-|-|0.2|2|FRONT|20|400|NSGAII,12,construction5,16.929
3.7267097390769615,0.0768202128610983,5815.414536307882,14,agricultural|DBSCAN|25|-|-|-|0.2|2|FRONT|20|400|NSGAII,13,construction5,18.095
4.061259147106122,0.146851773654122,5745.110137331473,14,agricultural|DBSCAN|25|-|-|-|0.2|2|FRONT|20|400|NSGAII,14,construction5,18.953
3.743316600816399,0.0756821507532714,5805.067967357217,14,agricultural|DBSCAN|25|-|-|-|0.2|2|FRONT|20|400|NSGAII,15,construction5,20.172
3.5560803083944728,0.0756821507532714,5818.103251770833,14,agricultural|DBSCAN|25|-|-|-|0.2|2|FRONT|20|400|NSGAII,16,construction5,21.231
3.629173813515002,0.0815038546573692,5796.977680256984,13,agricultural|DBSCAN|25|-|-|-|0.2|2|FRONT|20|400|NSGAII,17,construction5,22.194
3.530208667857622,0.0756821507532714,5816.45643541636,14,agricultural|DBSCAN|25|-|-|-|0.2|2|FRONT|20|400|NSGAII,18,construction5,23.183
3.4055653688321725,0.0,5856.172803749317,15,agricultural|DBSCAN|25|-|-|-|0.2|2|FRONT|20|400|NSGAII,19,construction5,24.386
3.3580522255083016,0.0,5877.616752761055,15,agricultural|DBSCAN|25|-|-|-|0.2|2|FRONT|20|400|NSGAII,20,construction5,25.391
2.0673219938677585,0.370395757532082,5751.406355114554,16,agricultural|Random|100|-|-|-|-|-|FRONT|20|400|NSGAII,1,construction5,2.991
1.7617343264257548,0.4288789135289144,5747.524948563352,16,agricultural|Random|100|-|-|-|-|-|FRONT|20|400|NSGAII,2,construction5,4.144
1.8315996529956489,0.4911523335671673,5734.972828242688,16,agricultural|Random|100|-|-|-|-|-|FRONT|20|400|NSGAII,3,construction5,5.395
2.1161452585543223,0.4143207480194902,5695.668601330075,14,agricultural|Random|100|-|-|-|-|-|FRONT|20|400|NSGAII,4,construction5,6.445
2.0057314007751903,0.4573360388545825,5708.788553166207,15,agricultural|Random|100|-|-|-|-|-|FRONT|20|400|NSGAII,5,construction5,7.414
2.1161452585543223,0.4143207480194902,5695.668601330075,14,agricultural|Random|100|-|-|-|-|-|FRONT|20|400|NSGAII,6,construction5,8.673
1.7383728166717696,0.4288789135289144,5737.393196957419,16,agricultural|Random|100|-|-|-|-|-|FRONT|20|400|NSGAII,7,construction5,9.755
1.848786674450901,0.3868341670611169,5730.255943158563,15,agricultural|Random|100|-|-|-|-|-|FRONT|20|400|NSGAII,8,construction5,10.939
1.51815195960732,0.3909110574804456,5794.192442311785,15,agricultural|Random|100|-|-|-|-|-|FRONT|20|400|NSGAII,9,construction5,12.052
1.374593967784738,0.3664791163879177,5816.93369216108,16,agricultural|Random|100|-|-|-|-|-|FRONT|20|400|NSGAII,10,construction5,12.985
1.374593967784738,0.3664791163879177,5816.93369216108,16,agricultural|Random|100|-|-|-|-|-|FRONT|20|400|NSGAII,11,construction5,14.108
1.6113787959311996,0.4573360388545821,5791.772073597053,15,agricultural|Random|100|-|-|-|-|-|FRONT|20|400|NSGAII,12,construction5,15.212
1.3303375010522895,0.4853443963956735,5813.755515028294,18,agricultural|Random|100|-|-|-|-|-|FRONT|20|400|NSGAII,13,construction5,16.455
1.8243600991794957,0.455283789088828,5753.951625770765,17,agricultural|Random|100|-|-|-|-|-|FRONT|20|400|NSGAII,14,construction5,17.48
1.415641025983437,0.3080277811177859,5829.05862684996,16,agricultural|Random|100|-|-|-|-|-|FRONT|20|400|NSGAII,15,construction5,18.613
1.3142003381398708,0.3291566232498122,5851.451060913105,18,agricultural|Random|100|-|-|-|-|-|FRONT|20|400|NSGAII,16,construction5,19.68
1.491716078904761,0.2899084998755632,5852.895655076608,17,agricultural|Random|100|-|-|-|-|-|FRONT|20|400|NSGAII,17,construction5,20.755
1.475690282279489,0.3485187775586248,5827.981741203249,17,agricultural|Random|100|-|-|-|-|-|FRONT|20|400|NSGAII,18,construction5,21.86
1.5487837874000183,0.3703012011560389,5806.8561696894,16,agricultural|Random|100|-|-|-|-|-|FRONT|20|400|NSGAII,19,construction5,23.131
1.5068297957425738,0.4108452546495543,5810.609175645297,17,agricultural|Random|100|-|-|-|-|-|FRONT|20|400|NSGAII,20,construction5,24.154
